imagen,precio,titulo
,16.5,perlavit-e capsulas 1000 ui
https://www.fybeca.com/images/thumbnail/2330.jpg,16.5,etec 1000 capsulas blandas 1000
https://www.fybeca.com/images/thumbnail/52310.jpg,18.3,immuvit plus q10 capsulas
https://www.fybeca.com/images/thumbnail/41895.jpg,15.0,egogyn 1000 u.i vitamina e capsulas caja de 30 unidades
https://www.fybeca.com/images/thumbnail/41929.jpg,14.4,perfectil capsulas caja 30 unidades
https://www.fybeca.com/images/thumbnail/5142.jpg,23.4,kobil ems capsulas
https://www.fybeca.com/images/thumbnail/5141.jpg,18.0,kobil e capsulas
https://www.fybeca.com/images/thumbnail/1542.jpg,12.6,supravital capsulas
https://www.fybeca.com/images/thumbnail/1352.jpg,21.3,pharmaton capsulas 30 unidades
https://www.fybeca.com/images/thumbnail/156910.jpg,19.8,biometrix a-ox antioxidante capsulas
https://www.fybeca.com/images/thumbnail/100032015.jpg,19.5,energit forte capsulas
